state,district,population_2011,literacy_rate_2011,aspirational_district,nfhs5_electricity_pct,nfhs5_improved_water_pct,nfhs5_improved_sanitation_pct,pmgsy_road_connectivity_pct
Bihar,Patna,5838465,70.68,false,99,98.8,61,
Bihar,Gaya,4359700,63.67,true,97.9,99.2,44.4,
Bihar,Muzaffarpur,4801062,63.56,true,96.6,99.9,55.2,
Bihar,Araria,2811569,53.53,true,96.2,100,32.2,
Rajasthan,Jaipur,6626178,75.51,false,,,,
Rajasthan,Jaisalmer,669919,57.22,true,,,,
Rajasthan,Sirohi,1036346,55.25,true,,,,
Madhya Pradesh,Bhopal,2368145,80.4,false,,,,
Madhya Pradesh,Barwani,1385881,49.08,true,,,,
Madhya Pradesh,Vidisha,1458875,70.53,true,,,,
Uttar Pradesh,Lucknow,4589838,77.29,false,,,,
Uttar Pradesh,Varanasi,3676841,75.6,false,,,,
Uttar Pradesh,Bahraich,3487731,49.32,true,,,,
Uttar Pradesh,Balrampur,2148665,49.51,true,,,,
Uttar Pradesh,Chitrakoot,991730,65.05,true,,,,
West Bengal,Kolkata,4496694,86.31,false,99.6,99.3,60.9,
West Bengal,Birbhum,3502404,70.68,false,97.8,99.4,55,
West Bengal,Purulia,2930115,64.48,false,88.6,87.6,29.2,
Maharashtra,Mumbai Suburban,9356962,89.91,false,99.2,99.8,62.6,
Maharashtra,Mumbai City,3085411,89.21,false,99.6,100,58.6,
Maharashtra,Pune,9429408,86.15,false,99.4,96.9,79.6,
Maharashtra,Nagpur,4653570,88.39,false,99.5,99.5,88.9,
Maharashtra,Gadchiroli,1072942,74.36,true,95.8,83,62.4,
Maharashtra,Nandurbar,1648295,64.38,true,96.2,94.6,54.1,
Tamil Nadu,Chennai,4646732,90.18,false,,,,
Tamil Nadu,Ramanathapuram,1353445,80.72,true,,,,
Tamil Nadu,Virudhunagar,1942288,80.15,true,,,,
Telangana,Hyderabad,3943323,83.25,false,99.9,99.6,84.4,
Telangana,Bhadradri Kothagudem,1069261,66.4,true,99.4,99.1,75.3,
Andhra Pradesh,Visakhapatnam,4290589,66.91,false,99.6,91.8,77.8,
Andhra Pradesh,Vizianagaram,2344474,58.89,true,99.5,93.1,61.7,
Gujarat,Ahmedabad,7214225,85.31,false,99.5,98.7,86.4,
Gujarat,Dahod,2127086,58.82,true,89.3,91,35.9,
Gujarat,Narmada,590297,72.31,true,92.7,96.8,54.6,
Karnataka,Bengaluru Urban,9621551,87.67,false,98.8,99.2,90.4,
Karnataka,Raichur,1928812,59.56,true,99.7,94,53,
Karnataka,Yadgir,1174271,51.83,true,99,95.2,37.4,
Kerala,Thiruvananthapuram,3301427,93.02,false,99.9,92.9,95.4,
Kerala,Wayanad,817420,89.03,true,97,94.1,97.6,
Punjab,Amritsar,2490656,76.27,false,,,,
Punjab,Firozpur,2029074,68.92,true,,,,
Haryana,Gurugram,1514432,84.7,false,,,,
Haryana,Nuh,1089263,54.08,true,,,,
Uttarakhand,Dehradun,1696694,84.25,false,,,,
Uttarakhand,Haridwar,1890422,73.43,true,,,,
Himachal Pradesh,Shimla,814010,83.64,false,100,97.3,87.3,
Himachal Pradesh,Chamba,519080,72.17,true,99.1,85.5,86.5,
Jharkhand,Ranchi,2914253,76.06,true,,,,
Jharkhand,Dumka,1321442,61.02,true,,,,
Assam,Kamrup Metropolitan,1253938,88.71,false,99.2,87.2,65.2,
Assam,Baksa,950075,69.25,true,98.1,89.8,68.9,
Assam,Darrang,928500,63.08,true,89.5,99.7,67.9,
Odisha,Khordha,2251673,86.88,false,,,,
Odisha,Koraput,1379647,49.21,true,,,,
Odisha,Kalahandi,1576869,59.22,true,,,,
Odisha,Nabarangpur,1220946,46.43,true,,,,
Chhattisgarh,Bastar,834375,53.15,true,,,,
Chhattisgarh,Bijapur,255230,40.86,true,,,,
